"nativeSpeaker","age","shoeSize","score"
yes,5,24.83189,32.29385
yes,6,25.95238,36.63105
no,11,30.42170,49.60593
yes,7,28.66450,40.28456
yes,11,31.88207,55.46085
yes,10,30.07843,52.83124